,AdjD,AdjDRk,AdjEM,AdjO,AdjORk,AdjT,AdjTRk,Conf,Luck,LuckRk,NCSOS,NCSOSRk,OppD,OppDRk,OppO,OppORk,Rk,SOS,SOSRk,Sd,Team,W-L
1,86.3,1,+32.05,118.4,16,70.1,76,WCC,+.020,133,+1.01,127,103.3,105,106.2,84,1,+2.99,89,1,Gonzaga,37-2
2,92.5,12,+29.88,122.4,3,64.1,324,BE,+.010,166,+3.55,61,100.5,32,109.8,38,2,+9.33,33,1,Villanova,32-4
3,92.5,11,+28.22,120.7,9,71.3,40,ACC,+.037,85,+3.87,53,99.5,19,112.0,4,3,+12.49,6,1,North Carolina,33-7
4,91.4,7,+27.72,119.1,12,72.0,26,SEC,+.006,175,+3.74,56,99.5,15,110.5,24,4,+10.98,19,2,Kentucky,32-6
5,89.5,5,+27.50,116.9,25,69.0,117,SEC,-.041,286,+8.19,15,97.8,2,110.3,28,5,+12.46,7,4,Florida,27-9
6,94.5,24,+27.45,121.9,5,70.2,72,B12,+.067,32,+2.39,80,98.8,8,111.2,10,6,+12.43,8,1,Kansas,31-5
7,89.4,4,+27.17,116.5,26,69.9,84,B12,-.043,289,-7.97,340,99.2,12,110.1,34,7,+10.84,21,4,West Virginia,28-9
8,92.6,13,+26.14,118.7,13,68.0,191,MVC,-.021,238,-0.32,161,103.5,110,105.0,130,8,+1.50,102,10,Wichita St.,31-5
9,91.7,8,+25.51,117.2,22,67.9,194,ACC,-.023,244,+4.20,48,100.5,33,111.6,7,9,+11.14,17,2,Louisville,25-9
10,93.2,17,+25.02,118.2,17,67.0,234,P12,+.034,88,+0.51,137,101.2,51,109.2,47,10,+8.05,50,3,Oregon,33-6
11,95.0,27,+24.73,119.8,10,63.5,333,Amer,+.003,183,-0.92,179,102.1,70,105.3,117,11,+3.25,88,6,SMU,30-5
12,88.0,2,+24.29,112.2,50,59.2,351,ACC,-.030,258,+2.29,82,99.8,22,111.5,8,12,+11.68,10,5,Virginia,23-11
13,92.9,16,+24.23,117.1,23,63.7,328,B12,+.023,126,+1.67,110,98.6,6,111.7,6,13,+13.08,5,3,Baylor,27-8
14,96.8,47,+24.17,121.0,6,68.3,175,ACC,+.014,150,+0.03,153,99.6,21,111.0,13,14,+11.43,12,2,Duke,28-9
15,95.0,26,+23.67,118.7,14,60.2,350,WCC,+.030,99,-4.13,277,103.9,117,104.3,163,15,+0.41,127,7,Saint Mary's,29-5
16,100.4,85,+23.63,124.0,2,72.6,20,P12,+.021,132,-4.66,291,102.8,89,108.0,67,16,+5.17,74,3,UCLA,31-5
17,96.3,42,+23.45,119.7,11,68.4,170,B12,-.019,234,-0.74,175,98.6,5,112.6,2,17,+14.05,3,5,Iowa St.,24-11
18,95.1,29,+23.31,118.4,15,66.0,277,P12,+.046,66,+1.69,107,101.5,60,108.7,56,18,+7.13,59,2,Arizona,32-5
19,93.9,23,+23.12,117.0,24,69.1,113,B10,+.016,142,-2.38,224,100.6,42,109.6,39,19,+9.00,38,4,Purdue,27-8
20,99.2,69,+23.05,122.3,4,63.1,338,B10,-.025,252,-0.53,170,99.5,18,110.3,26,20,+10.76,23,7,Michigan,26-12
21,92.1,9,+22.99,115.1,33,63.4,334,B10,-.003,193,-1.29,193,100.6,38,110.6,22,21,+10.00,29,8,Wisconsin,27-10
22,103.5,155,+22.48,126.0,1,70.4,66,B12,-.071,324,+3.07,67,97.6,1,112.0,5,22,+14.42,1,10,Oklahoma St.,20-13
23,92.8,15,+22.18,114.9,34,63.5,330,Amer,+.026,116,-0.47,167,103.0,94,107.1,75,23,+4.17,80,6,Cincinnati,30-6
24,88.1,3,+20.80,108.9,91,68.6,145,SEC,-.005,197,+1.93,96,99.5,17,110.2,31,24,+10.63,24,7,South Carolina,26-11
25,97.0,49,+20.76,117.7,20,65.9,278,BE,+.002,185,+5.12,40,100.0,25,110.8,17,25,+10.81,22,4,Butler,25-9
26,95.5,31,+20.06,115.5,31,71.3,41,ACC,+.039,78,-3.95,272,101.8,68,110.6,19,26,+8.82,40,3,Florida St.,26-9
27,98.4,61,+19.74,118.1,18,67.0,236,ACC,+.024,120,-3.85,270,99.8,23,110.1,35,27,+10.24,28,5,Notre Dame,26-10
28,96.5,46,+18.83,115.3,32,71.2,45,BE,+.004,181,-1.24,192,101.3,57,110.3,27,28,+8.97,39,6,Creighton,25-10
29,97.0,50,+17.51,114.5,37,67.1,230,B12,-.008,203,-3.16,245,99.3,13,110.6,23,29,+11.28,15,4,TCU,24-15
30,95.6,33,+17.44,113.0,42,66.2,268,B12,-.029,256,-5.31,305,99.0,11,110.6,20,30,+11.56,11,11,Kansas St.,21-14
31,99.0,67,+16.70,115.7,29,67.2,223,BE,+.044,71,+5.32,38,99.5,16,111.2,9,31,+11.73,9,11,Xavier,24-14
32,104.2,165,+16.58,120.8,8,70.1,75,BE,-.058,311,-2.16,219,100.1,27,109.1,50,32,+9.03,37,10,Marquette,19-13
33,95.9,38,+16.53,112.4,48,65.8,285,SEC,-.048,292,+6.30,32,98.7,7,110.1,33,33,+11.43,13,9,Vanderbilt,19-16
34,95.2,30,+16.26,111.5,57,66.4,262,A10,-.033,267,+1.62,113,102.5,79,106.8,79,34,+4.27,78,11,Rhode Island,25-10
35,99.8,76,+16.25,116.1,28,69.7,87,SEC,+.086,9,-1.55,202,100.2,28,108.6,59,35,+8.37,45,8,Arkansas,26-10
36,104.7,176,+16.25,120.9,7,70.7,57,ACC,-.043,290,+4.51,45,100.6,39,111.1,12,36,+10.54,25,11,Wake Forest,19-14
37,93.7,22,+16.00,109.7,77,69.5,98,B10,+.022,127,-1.81,209,100.8,45,108.9,52,37,+8.09,49,5,Minnesota,24-10
38,95.5,32,+15.81,111.3,59,65.6,292,B10,+.019,135,-3.23,249,100.7,43,109.0,51,38,+8.32,46,8,Northwestern,24-12
39,96.3,43,+15.57,111.9,53,68.4,163,A10,-.021,235,+2.53,77,102.3,75,105.9,90,39,+3.64,82,7,Dayton,24-8
40,95.9,37,+15.51,111.4,58,66.9,241,B10,-.011,214,+4.01,51,99.6,20,110.6,21,40,+10.99,18,9,Michigan St.,20-15
41,97.5,56,+15.11,112.6,44,63.8,327,B12,-.082,333,-11.69,351,101.6,61,109.5,44,41,+7.89,53,,Texas Tech,18-14
42,94.9,25,+15.03,109.9,76,63.0,339,ACC,+.031,98,-4.48,286,101.3,58,110.7,18,42,+9.39,32,8,Miami FL,21-12
43,97.2,53,+14.95,112.2,51,64.6,311,CUSA,+.011,162,+3.86,54,105.3,165,104.4,158,43,-0.93,154,12,Middle Tennessee,31-5
44,101.6,104,+14.49,116.1,27,68.4,168,B10,-.090,341,-5.48,310,100.5,34,109.6,41,44,+9.11,36,3,Indiana,18-16
45,100.5,86,+14.46,114.9,35,66.4,261,ACC,-.064,315,+2.12,91,100.5,31,110.8,16,45,+10.32,27,2,Clemson,17-16
46,98.7,64,+14.34,113.1,41,67.2,219,B10,+.061,39,-1.10,188,100.6,40,108.3,62,46,+7.74,54,6,Maryland,24-9
47,99.3,72,+14.20,113.5,40,68.7,142,P12,-.099,342,-6.19,322,102.7,83,106.0,88,47,+3.36,85,3,Utah,20-12
48,96.0,41,+14.07,110.1,72,68.8,134,A10,+.026,113,+0.91,128,102.2,73,105.8,93,48,+3.65,81,10,VCU,26-9
49,93.6,19,+14.00,107.6,115,64.9,308,MVC,+.081,15,-0.69,173,103.5,109,104.5,156,49,+0.99,113,1,Illinois St.,28-7
50,103.5,156,+13.80,117.3,21,68.4,167,ACC,+.053,51,-7.98,342,101.7,65,110.0,36,50,+8.23,47,9,Virginia Tech,22-11
51,95.8,34,+13.63,109.4,84,67.5,214,BE,+.058,43,-2.11,218,100.6,37,110.2,29,51,+9.65,31,9,Seton Hall,21-12
52,99.9,79,+13.61,113.5,39,65.4,300,Amer,-.032,263,-3.28,250,102.7,87,105.0,128,52,+2.32,95,2,Houston,21-11
53,100.7,91,+13.45,114.2,38,68.7,138,P12,+.079,16,-3.37,255,103.3,106,108.8,54,53,+5.49,71,11,USC,26-10
54,101.3,101,+13.31,114.6,36,69.7,90,MWC,+.055,45,-1.12,189,103.2,104,104.5,155,54,+1.29,105,12,Nevada,28-7
55,102.3,119,+13.31,115.7,30,66.8,243,ACC,-.048,293,-3.21,248,101.1,50,108.3,61,55,+7.20,57,1,Syracuse,19-15
56,92.2,10,+13.08,105.3,152,65.1,302,SEC,-.055,307,-1.64,204,100.9,46,108.1,65,56,+7.16,58,3,Alabama,19-15
57,97.5,55,+12.62,110.1,73,69.4,100,SEC,-.053,299,+6.58,29,98.1,3,109.3,46,57,+11.20,16,,Tennessee,16-16
58,96.4,45,+12.61,109.0,89,63.2,337,Ivy,+.007,172,+2.17,86,105.0,144,103.9,187,58,-1.08,157,12,Princeton,23-7
59,105.5,193,+12.46,118.0,19,70.3,67,CAA,+.039,76,+2.17,87,104.7,139,105.1,123,59,+0.40,128,12,UNC Wilmington,29-6
60,96.0,40,+12.43,108.5,101,66.2,270,BE,+.014,152,-4.48,287,101.2,54,109.1,49,60,+7.90,52,11,Providence,20-13
61,96.3,44,+12.39,108.7,96,67.1,228,SEC,+.015,148,+4.54,44,99.0,10,109.9,37,61,+10.96,20,2,Georgia,19-15
62,92.7,14,+12.13,104.9,160,65.7,290,P12,-.012,217,-2.42,226,102.1,71,107.1,76,62,+5.01,75,1,California,21-13
63,99.4,73,+11.67,111.1,62,64.5,315,AE,+.053,53,+1.65,112,107.4,282,103.0,234,63,-4.42,263,13,Vermont,29-6
64,97.3,54,+11.49,108.7,95,64.5,313,SEC,-.042,287,-1.94,215,101.5,59,109.4,45,64,+7.97,51,,Texas A&M,16-15
65,95.9,39,+11.49,107.4,118,70.0,81,B12,-.102,344,+1.16,121,98.3,4,112.5,3,65,+14.13,2,,Oklahoma,11-20
66,95.8,35,+11.31,107.2,123,66.7,249,B10,+.028,105,-0.16,158,101.2,53,109.6,40,66,+8.41,44,2,Illinois,20-15
67,96.9,48,+11.10,108.0,106,70.1,74,SC,+.005,179,+0.38,143,106.6,240,105.4,106,67,-1.17,163,13,East Tennessee St.,27-8
68,93.3,18,+10.91,104.2,178,66.0,276,Amer,+.022,129,-6.71,332,102.6,80,105.4,108,68,+2.82,91,4,UCF,24-12
69,97.7,58,+10.72,108.4,102,68.6,147,BE,-.102,345,+1.85,99,101.3,55,110.9,14,69,+9.68,30,,Georgetown,14-18
70,93.7,21,+10.51,104.2,177,67.6,212,B12,-.105,348,+1.81,103,98.9,9,112.8,1,70,+13.92,4,,Texas,11-22
71,102.5,123,+10.48,113.0,43,71.2,44,B10,+.011,161,-3.60,263,101.1,49,108.0,66,71,+6.95,62,1,Iowa,19-15
72,102.3,116,+10.30,112.6,45,67.7,202,P12,-.050,295,-0.92,180,102.4,77,107.7,69,72,+5.25,73,5,Colorado,19-15
73,101.0,99,+10.20,111.2,60,68.0,192,B10,-.054,302,-4.55,290,100.6,41,107.4,73,73,+6.78,65,,Ohio St.,17-15
74,100.9,96,+10.16,111.1,63,71.6,33,SEC,+.062,37,-0.73,174,100.5,35,107.8,68,74,+7.31,56,5,Mississippi,22-14
75,100.8,93,+9.80,110.6,68,70.6,59,SB,+.038,80,+6.30,31,104.0,121,104.0,181,75,-0.01,134,6,UT Arlington,27-9
76,100.3,83,+9.38,109.7,78,70.0,83,Pat,+.006,174,+0.89,129,105.0,145,101.4,298,76,-3.62,241,13,Bucknell,26-9
77,91.0,6,+9.00,100.0,259,68.2,179,ACC,+.069,26,-5.28,304,101.7,66,110.2,32,77,+8.41,43,6,Georgia Tech,21-16
78,95.1,28,+8.99,104.0,183,64.9,309,MWC,-.101,343,-1.88,213,103.6,111,104.5,154,78,+0.95,116,,San Diego St.,19-14
79,103.7,158,+8.72,112.4,49,65.4,298,ACC,+.044,70,+0.08,152,100.4,30,110.9,15,79,+10.42,26,,Pittsburgh,16-17
80,100.5,87,+8.66,109.1,86,75.6,4,WCC,+.006,176,-1.86,212,104.0,120,104.2,168,80,+0.24,131,3,BYU,22-12
81,100.5,89,+8.61,109.1,87,72.4,21,MAAC,+.070,23,+2.02,94,106.2,219,103.6,205,81,-2.63,208,4,Monmouth,27-7
82,103.3,147,+8.52,111.9,54,73.6,10,SEC,+.045,68,+1.35,119,100.5,36,107.5,70,82,+6.99,61,,Auburn,18-14
83,102.7,125,+8.17,110.8,65,68.0,188,OVC,+.069,24,+3.64,57,105.2,156,103.9,188,83,-1.36,170,7,Belmont,23-7
84,102.6,124,+7.89,110.5,70,67.9,195,WAC,+.063,35,-4.82,295,105.6,174,101.0,307,84,-4.52,267,14,New Mexico St.,28-6
85,100.7,92,+7.70,108.4,103,68.5,161,A10,-.031,259,+1.87,98,102.6,82,106.9,78,85,+4.23,79,,Davidson,17-15
86,100.9,94,+7.67,108.5,99,66.7,251,MWC,+.024,123,-1.29,194,103.0,97,104.3,164,86,+1.28,106,4,Colorado St.,24-12
87,97.2,51,+7.30,104.5,168,70.4,63,B10,-.013,220,+0.43,141,100.0,26,108.5,60,87,+8.52,42,,Penn St.,15-18
88,99.3,71,+7.27,106.6,135,68.9,118,SEC,-.032,264,-6.24,323,101.0,48,106.3,83,88,+5.29,72,,Mississippi St.,16-16
89,98.9,66,+7.25,106.2,142,64.5,314,CAA,+.054,49,-0.04,156,105.8,195,105.8,96,89,-0.07,135,5,College of Charleston,25-10
90,93.7,20,+7.24,100.9,244,67.2,221,WAC,+.014,153,-1.22,191,103.8,114,103.0,235,90,-0.84,152,8,Cal St. Bakersfield,25-10
91,101.8,108,+7.23,109.0,88,68.8,136,A10,-.027,254,-4.39,281,104.7,134,104.7,144,91,+0.05,133,,St. Bonaventure,20-12
92,102.8,132,+7.21,110.0,74,68.9,120,A10,+.043,72,-1.89,214,102.4,78,105.4,113,92,+2.92,90,6,Richmond,22-13
93,100.9,95,+7.06,107.9,107,68.5,156,CUSA,-.062,312,-6.32,326,106.7,253,100.9,312,93,-5.77,298,,Louisiana Tech,23-10
94,102.2,112,+7.00,109.2,85,69.5,97,MWC,+.032,92,+1.38,118,102.7,86,106.1,86,94,+3.39,84,6,Boise St.,20-12
95,95.9,36,+6.67,102.5,210,61.3,347,MAAC,-.024,249,-2.34,222,106.6,247,104.0,179,95,-2.64,209,,Saint Peter's,23-13
96,98.7,63,+6.53,105.2,154,65.0,304,Amer,-.047,291,+5.25,39,101.7,64,107.4,72,96,+5.67,70,,Connecticut,16-17
97,102.5,121,+6.45,108.9,92,65.8,287,MVC,-.104,347,-4.35,280,103.9,115,103.4,217,97,-0.50,143,,Loyola Chicago,18-14
98,98.2,60,+6.37,104.6,167,68.5,158,MWC,-.001,190,-2.36,223,103.3,107,105.8,94,98,+2.50,92,5,Fresno St.,20-13
99,102.7,131,+6.26,109.0,90,73.3,11,BE,-.039,283,-2.77,234,100.4,29,109.6,42,99,+9.18,35,,St. John's,14-19
100,106.4,209,+6.10,112.6,47,66.3,266,MAC,+.084,10,-5.23,302,105.7,181,104.2,166,100,-1.48,176,7,Akron,27-9
101,101.0,98,+6.02,107.0,127,68.4,165,Amer,+.026,114,-4.46,283,103.0,99,104.7,146,101,+1.65,101,,Memphis,19-13
102,98.9,65,+5.91,104.8,161,68.3,171,P12,-.008,202,+6.04,33,101.6,63,110.2,30,102,+8.53,41,,Stanford,14-17
103,99.1,68,+5.90,105.0,158,71.9,28,Horz,-.011,215,-5.42,308,106.9,262,102.8,246,103,-4.10,251,7,Oakland,25-9
104,100.5,88,+5.82,106.3,139,67.2,220,Horz,+.069,25,+0.08,150,105.8,193,103.0,239,104,-2.87,220,7,Valparaiso,24-9
105,99.9,78,+5.73,105.6,148,70.4,65,MAC,-.072,325,-6.82,335,106.4,235,103.5,209,105,-2.90,222,,Ohio,20-11
106,101.7,106,+5.21,107.0,128,66.1,273,SC,+.010,167,+0.19,147,106.1,213,104.6,151,106,-1.50,177,,Furman,23-12
107,99.8,77,+5.14,105.0,157,68.1,185,B10,+.011,164,+6.66,27,99.8,24,111.2,11,107,+11.37,14,,Nebraska,12-19
108,104.4,168,+5.07,109.4,83,65.9,280,ASun,+.037,83,+2.14,90,108.5,328,103.7,194,108,-4.80,275,14,Florida Gulf Coast,26-8
109,107.6,229,+4.98,112.6,46,70.3,71,ACC,+.019,134,-6.15,321,101.0,47,108.6,58,109,+7.58,55,,North Carolina St.,15-17
110,102.5,122,+4.85,107.4,119,68.3,174,BSth,+.012,159,+6.43,30,107.0,266,102.0,276,110,-4.96,279,,UNC Asheville,23-10
111,98.0,59,+4.74,102.8,204,69.1,109,WCC,+.008,170,-5.69,314,105.2,155,104.0,180,111,-1.24,164,,San Francisco,20-13
112,101.9,110,+4.73,106.7,133,67.0,233,Ivy,-.070,323,-0.82,177,105.7,185,102.9,243,112,-2.82,216,,Harvard,18-10
113,101.6,103,+4.53,106.1,144,71.1,47,BSth,+.029,104,+1.93,97,107.8,305,100.7,316,113,-7.13,320,13,Winthrop,26-7
114,102.3,117,+4.32,106.6,134,65.5,295,SC,-.010,211,+2.21,85,106.6,239,105.5,103,114,-1.12,160,,Chattanooga,19-12
115,103.3,144,+4.23,107.5,117,69.6,93,Pat,-.034,268,+3.52,62,104.4,129,101.9,283,115,-2.53,204,,Lehigh,20-12
116,101.2,100,+4.22,105.5,151,67.9,196,CAA,-.009,207,-1.51,201,105.7,184,105.1,122,116,-0.59,146,,Towson,20-13
117,106.6,211,+4.20,110.8,67,70.6,60,MAAC,+.013,158,-0.05,157,105.7,179,103.7,193,117,-1.94,191,14,Iona,22-13
118,104.3,167,+3.93,108.3,105,67.1,229,Amer,+.015,149,+0.71,133,101.8,67,105.0,126,118,+3.27,87,,Temple,16-16
119,103.1,137,+3.44,106.5,137,68.8,126,MWC,+.024,121,-1.32,196,103.2,103,105.4,111,119,+2.14,97,,New Mexico,17-14
120,97.2,52,+3.44,100.7,247,61.1,348,CUSA,-.013,221,+1.50,114,106.4,234,104.0,178,120,-2.40,201,,Old Dominion,19-12
121,104.5,173,+3.19,107.7,113,66.9,240,SC,+.110,4,-1.63,203,106.4,232,104.9,139,121,-1.56,179,8,UNC Greensboro,25-10
122,102.2,114,+3.14,105.3,153,71.4,37,MAC,-.053,300,+2.55,76,105.7,187,105.3,116,122,-0.41,140,,Buffalo,17-15
123,104.2,164,+3.14,107.3,120,68.8,131,A10,+.027,112,-3.55,259,103.0,95,103.5,212,123,+0.53,125,,George Mason,20-14
124,103.3,146,+2.99,106.3,138,67.3,217,SB,+.022,130,+3.26,65,105.0,146,103.6,204,124,-1.48,175,,Arkansas St.,20-12
125,102.7,129,+2.81,105.5,149,62.6,343,WCC,-.014,226,-4.47,284,103.2,102,103.5,207,125,+0.38,129,,Santa Clara,17-16
126,109.1,257,+2.81,111.9,55,70.0,79,P12,+.035,87,-1.06,185,102.1,72,108.6,57,126,+6.49,67,,Arizona St.,15-18
127,102.0,111,+2.78,104.8,163,72.9,14,MWC,-.004,196,-2.10,217,105.2,152,104.1,176,127,-1.08,158,,Wyoming,23-15
128,106.1,203,+2.69,108.8,93,66.4,263,MAC,-.081,332,+0.52,136,106.0,204,105.0,129,128,-0.96,155,,Toledo,17-17
129,104.9,180,+2.66,107.5,116,64.2,320,AE,-.038,279,-2.00,216,106.9,263,101.8,286,129,-5.16,283,,Albany,21-14
130,104.5,170,+2.42,106.9,129,66.6,257,MWC,-.066,318,-0.45,166,103.1,101,105.1,124,130,+1.99,99,,Utah St.,15-17
131,101.5,102,+2.40,103.9,185,68.6,152,SB,+.014,154,+2.23,84,105.6,175,104.3,165,131,-1.27,168,,Georgia St.,20-13
132,105.3,189,+2.32,107.7,114,65.8,286,A10,+.067,30,-1.71,207,103.0,98,104.4,159,132,+1.38,103,,George Washington,20-15
133,109.7,272,+2.28,111.9,52,70.9,53,CAA,-.003,192,+1.05,126,105.3,159,105.8,97,133,+0.51,126,,William & Mary,17-14
134,106.0,201,+2.27,108.3,104,66.2,271,MVC,-.055,306,-6.25,325,103.9,116,103.6,198,134,-0.26,138,,Missouri St.,17-16
135,99.3,70,+2.23,101.5,231,66.2,267,B10,+.006,177,-9.39,347,100.8,44,107.5,71,135,+6.70,66,,Rutgers,15-18
136,102.2,113,+2.19,104.4,170,67.8,200,CAA,-.021,237,-1.75,208,106.2,216,105.4,109,136,-0.77,150,,Elon,18-14
137,107.6,232,+2.04,109.7,79,68.1,182,SB,-.023,246,-6.78,334,105.3,161,102.4,263,137,-2.86,219,15,Troy,22-15
138,104.9,178,+1.91,106.8,130,68.0,189,Horz,+.073,22,-2.55,228,106.3,224,102.9,242,138,-3.35,234,15,Northern Kentucky,24-11
139,100.0,81,+1.86,101.8,222,66.5,258,BW,-.011,212,+6.93,23,105.7,180,102.4,264,139,-3.29,231,8,UC Irvine,21-15
140,108.7,251,+1.80,110.6,69,68.7,139,A10,+.028,108,+1.13,124,102.8,90,105.0,133,140,+2.18,96,,La Salle,15-15
141,103.3,142,+1.68,104.9,159,68.3,176,MAC,+.024,122,-5.91,316,106.3,225,104.4,160,141,-1.92,188,14,Kent St.,22-14
142,108.4,246,+1.54,109.9,75,66.7,252,SC,-.067,319,+6.75,26,104.7,136,105.6,100,142,+0.90,118,,Wofford,16-17
143,102.7,126,+1.48,104.2,179,70.7,56,Sum,+.066,33,-1.86,211,108.1,311,105.4,105,143,-2.62,207,8,South Dakota,22-12
144,102.9,135,+1.44,104.3,172,68.2,180,Amer,+.055,46,+2.08,92,101.2,52,105.8,95,144,+4.59,76,,Tulsa,15-17
145,108.2,243,+1.37,109.6,81,61.7,346,SC,-.064,314,+3.55,60,105.3,163,105.4,107,145,+0.10,132,,Mercer,15-17
146,109.8,279,+1.29,111.1,61,72.2,23,SB,+.034,89,-4.27,278,105.3,160,102.6,259,146,-2.71,212,,Louisiana Lafayette,21-12
147,99.7,75,+1.25,101.0,240,73.0,13,WAC,-.085,336,+1.42,116,103.8,113,102.6,255,147,-1.13,161,,Utah Valley,17-17
148,104.9,179,+1.20,106.1,146,68.1,184,MAC,-.078,330,+5.08,41,106.0,210,106.6,81,148,+0.58,123,,Eastern Michigan,16-17
149,109.7,273,+1.13,110.8,66,77.6,3,CUSA,+.027,110,+0.72,132,104.7,135,103.3,220,149,-1.36,169,,Marshall,20-15
150,103.7,159,+1.09,104.8,162,65.4,299,MVC,+.047,65,-2.95,238,103.0,96,104.2,171,150,+1.18,108,,Southern Illinois,17-16
151,105.2,184,+1.01,106.2,141,68.2,181,Ivy,+.055,47,-1.36,199,105.7,178,103.6,197,151,-2.03,193,,Yale,18-11
152,100.6,90,+0.97,101.6,229,68.9,122,WAC,+.078,17,-7.80,338,106.2,223,100.3,326,152,-5.95,301,,Grand Canyon,22-9
153,108.0,238,+0.84,108.8,94,71.6,34,Sum,-.025,251,-4.33,279,108.7,332,105.4,110,153,-3.36,235,,Fort Wayne,20-13
154,103.2,141,+0.83,104.1,182,66.8,248,MVC,-.024,247,-2.40,225,103.6,112,104.7,145,154,+1.09,109,,Evansville,16-17
155,107.1,219,+0.73,107.8,109,72.7,17,CUSA,-.028,255,-6.25,324,106.7,252,101.2,305,155,-5.44,291,,Rice,23-12
156,100.9,97,+0.64,101.5,230,68.0,190,SEC,-.160,350,-5.07,301,101.3,56,108.1,64,156,+6.83,64,,Missouri,8-24
157,105.2,186,+0.63,105.8,147,63.6,329,OVC,+.028,107,+0.61,134,105.9,197,104.2,167,157,-1.68,183,15,Jacksonville St.,20-15
158,100.0,80,+0.63,100.6,249,71.9,29,A10,-.042,288,-4.53,289,104.1,122,104.9,135,158,+0.85,121,,Massachusetts,15-18
159,106.4,208,+0.63,107.0,125,66.1,274,CAA,-.014,225,+2.41,78,104.5,130,105.4,114,159,+0.90,117,,Northeastern,15-16
160,99.7,74,+0.59,100.3,253,67.0,237,OVC,-.016,229,+3.55,59,106.9,258,104.6,152,160,-2.29,197,,Tennessee St.,17-13
161,101.9,109,+0.36,102.2,214,66.7,254,MEAC,-.055,304,-0.66,172,110.1,347,97.7,348,161,-12.44,348,16,North Carolina Central,25-9
162,106.8,213,+0.36,107.1,124,67.9,199,MAC,-.016,228,+1.99,95,106.0,205,105.4,104,162,-0.54,144,,Western Michigan,16-16
163,107.4,224,+0.34,107.7,111,71.1,51,P12,-.103,346,-2.27,220,102.6,81,109.5,43,163,+6.87,63,,Washington,9-22
164,106.2,205,+0.34,106.5,136,69.0,116,Horz,+.056,44,+0.85,130,105.3,158,103.0,232,164,-2.21,196,,Wright St.,20-12
165,107.0,217,+0.30,107.3,121,74.2,6,ASun,-.017,231,+1.17,120,107.8,299,103.2,226,165,-4.59,270,,Lipscomb,20-13
166,107.5,227,+0.26,107.8,110,68.6,150,SC,-.036,273,-3.56,260,106.4,233,103.9,190,166,-2.56,205,,Samford,20-16
167,104.4,169,+0.19,104.6,166,66.7,253,Sum,+.081,14,+0.50,139,107.5,283,105.5,102,167,-1.93,189,,North Dakota St.,19-11
168,103.5,157,+0.04,103.6,188,71.5,35,BSky,+.048,61,+3.24,66,108.6,330,103.0,237,168,-5.66,296,15,North Dakota,22-10
169,97.6,57,+0.01,97.6,295,63.5,332,MVC,+.054,50,+7.99,16,102.7,88,107.2,74,169,+4.51,77,,Northern Iowa,14-16
170,106.3,206,-0.16,106.2,143,68.7,143,MAAC,-.009,209,+5.47,37,105.7,188,104.6,150,170,-1.16,162,,Siena,17-17
171,102.8,133,-0.20,102.6,206,66.7,255,Ivy,-.054,301,+0.20,146,105.2,154,103.5,211,171,-1.68,184,,Penn,13-15
172,109.9,280,-0.25,109.7,80,71.9,27,SEC,+.008,169,+2.91,69,99.5,14,108.7,55,172,+9.25,34,,LSU,10-21
173,104.2,163,-0.27,103.9,186,71.1,46,ACC,-.032,266,-6.42,327,102.2,74,110.4,25,173,+8.18,48,,Boston College,9-23
174,101.7,105,-0.36,101.3,234,62.3,345,SB,+.016,144,-7.98,341,106.6,243,102.3,268,174,-4.36,260,,Texas St.,22-14
175,103.4,153,-0.40,103.0,197,67.2,218,WCC,+.025,117,-5.03,299,104.9,143,104.8,140,175,-0.07,136,,Loyola Marymount,15-15
176,109.0,255,-0.40,108.6,98,73.8,9,Sum,+.086,8,+4.11,49,106.8,255,106.2,85,176,-0.59,147,,Nebraska Omaha,18-14
177,103.3,145,-0.49,102.8,203,68.8,132,Slnd,+.062,38,+2.40,79,107.8,303,101.8,284,177,-6.00,305,,Texas A&M Corpus Chris,24-12
178,101.8,107,-0.52,101.3,235,66.2,272,Slnd,+.046,67,+8.32,13,107.6,291,102.3,267,178,-5.29,287,16,New Orleans,20-12
179,109.0,256,-0.54,108.5,100,67.0,238,BSky,-.030,257,+1.43,115,107.9,308,103.2,221,179,-4.67,273,,Weber St.,20-14
180,105.3,188,-0.62,104.7,164,71.1,50,MAC,+.041,73,-10.95,350,107.1,273,103.2,222,180,-3.92,247,,Ball St.,21-13
181,103.5,154,-0.76,102.7,205,70.8,54,BSth,-.041,285,+4.28,47,107.1,271,101.5,294,181,-5.65,294,,Gardner Webb,19-14
182,103.2,140,-0.80,102.3,211,65.4,296,AE,+.063,36,-0.50,169,107.1,272,102.6,258,182,-4.58,269,,New Hampshire,20-12
183,104.5,172,-1.05,103.5,190,67.7,207,BE,-.069,322,-7.12,336,101.8,69,108.8,53,183,+6.99,60,,DePaul,9-23
184,103.3,143,-1.05,102.2,215,68.4,162,A10,-.032,261,+3.33,63,102.7,85,106.0,87,184,+3.35,86,,Saint Joseph's,11-20
185,111.4,303,-1.19,110.2,71,67.2,222,Sum,+.029,101,+1.66,111,105.5,171,104.9,137,185,-0.59,145,16,South Dakota St.,18-17
186,110.8,296,-1.25,109.6,82,66.7,256,BSky,+.082,12,+2.16,88,108.2,318,103.0,233,186,-5.14,281,,Eastern Washington,22-12
187,109.9,281,-1.27,108.7,97,69.6,95,MAAC,+.005,178,-1.07,186,105.8,189,103.0,231,187,-2.77,214,,Canisius,18-16
188,112.4,311,-1.35,111.1,64,67.7,206,CAA,-.034,270,-2.82,235,105.6,176,104.1,174,188,-1.44,174,,Hofstra,15-17
189,109.2,261,-1.41,107.7,112,66.8,246,Sum,-.007,200,-4.94,297,107.5,287,103.9,186,189,-3.65,243,,Denver,16-14
190,103.4,150,-1.45,102.0,218,74.0,7,Horz,+.032,95,-0.33,162,106.8,257,103.9,183,190,-2.88,221,,Green Bay,18-14
191,98.5,62,-1.49,97.0,304,66.9,239,Amer,+.013,156,-10.91,349,104.5,131,105.0,127,191,+0.53,124,,East Carolina,15-18
192,103.4,149,-1.68,101.7,226,69.6,94,Pat,+.003,182,-0.77,176,105.9,201,101.8,285,192,-4.10,252,,Boston University,18-14
193,106.1,202,-1.73,104.4,171,67.7,204,P12,+.067,31,-3.03,243,102.9,92,109.2,48,193,+6.36,68,,Washington St.,13-18
194,108.2,242,-2.06,106.1,145,66.7,250,BSky,-.050,297,+0.79,131,108.4,324,103.5,213,194,-4.94,277,,Montana,16-16
195,107.3,222,-2.08,105.2,155,68.5,155,SB,+.049,60,+1.82,102,105.9,198,104.6,148,195,-1.26,165,,Georgia Southern,18-15
196,106.4,207,-2.52,103.9,187,66.1,275,CUSA,-.008,204,+0.08,151,106.0,209,103.6,206,196,-2.45,202,,UAB,17-16
197,109.8,277,-2.61,107.2,122,68.7,140,OVC,-.087,338,+0.01,154,107.6,292,103.6,203,197,-4.05,249,,Murray St.,16-17
198,109.8,276,-2.76,107.0,126,69.3,102,Sum,-.036,275,+3.64,58,106.3,226,105.7,98,198,-0.64,148,,IUPUI,14-18
199,102.3,118,-2.78,99.6,266,69.7,91,MVC,-.009,208,+1.71,105,102.7,84,105.2,121,199,+2.47,93,,Indiana St.,11-20
200,102.7,128,-2.93,99.7,264,66.3,265,CUSA,-.035,272,-2.74,233,106.4,229,102.9,245,200,-3.51,240,,UTEP,15-17
201,110.9,297,-2.97,107.9,108,71.0,52,AE,+.029,100,-3.41,256,107.5,285,101.3,303,201,-6.24,308,,UMBC,21-13
202,100.0,82,-3.05,97.0,307,64.3,319,A10,-.023,245,-3.14,244,103.9,119,104.8,141,202,+0.87,119,,Fordham,13-19
203,109.8,278,-3.06,106.7,131,68.7,141,OVC,-.005,198,+4.42,46,106.2,221,105.2,119,203,-1.00,156,,Morehead St.,14-16
204,103.1,138,-3.30,99.8,263,69.2,108,MAAC,+.038,79,-2.55,229,106.7,250,103.8,191,204,-2.85,218,,Fairfield,16-15
205,102.4,120,-3.47,98.9,273,66.8,247,MAC,-.038,281,-5.54,312,106.6,246,104.1,175,205,-2.50,203,,Northern Illinois,15-17
206,103.4,148,-3.47,99.9,262,64.2,321,Pat,-.012,218,-3.30,252,105.7,182,101.5,292,206,-4.19,254,,Navy,16-16
207,105.4,190,-3.56,101.8,220,68.8,128,SB,+.050,56,+1.16,122,105.2,153,103.8,192,207,-1.39,173,,Coastal Carolina,20-19
208,104.6,174,-3.70,100.9,245,72.2,24,MAAC,+.047,64,-6.04,318,107.0,268,102.6,257,208,-4.42,262,,Rider,18-15
209,103.4,151,-3.86,99.5,269,66.8,245,NEC,+.074,20,+11.52,6,106.5,236,102.0,277,209,-4.49,266,16,Mount St. Mary's,20-16
210,110.6,291,-3.92,106.7,132,67.5,215,OVC,+.118,3,-2.34,221,107.3,279,102.9,244,210,-4.47,265,,Tennessee Martin,22-13
211,103.8,160,-3.93,99.9,260,62.7,342,BSth,+.037,84,+2.89,70,108.4,322,102.1,271,211,-6.25,309,,Liberty,21-14
212,107.5,228,-4.04,103.5,189,68.6,146,SWAC,+.125,2,+12.68,3,108.7,331,100.2,327,212,-8.49,330,16,Texas Southern,23-12
213,105.9,195,-4.10,101.8,223,65.9,281,AE,+.050,57,-3.28,251,107.8,301,101.9,281,213,-5.85,300,,Stony Brook,18-14
214,104.5,171,-4.10,100.4,252,70.8,55,MWC,+.077,18,-4.42,282,104.2,125,105.4,112,214,+1.21,107,,San Jose St.,14-16
215,102.9,136,-4.23,98.7,278,60.4,349,Pat,+.022,128,+0.22,145,105.1,149,102.1,273,215,-3.00,224,,Holy Cross,15-17
216,106.0,199,-4.23,101.8,224,66.5,260,BSky,+.031,97,-1.34,197,108.5,327,102.5,260,216,-5.98,303,,Idaho,19-14
217,102.7,130,-4.29,98.4,283,67.7,205,MVC,+.018,137,+0.41,142,103.5,108,105.9,92,217,+2.40,94,,Bradley,13-20
218,102.2,115,-4.41,97.8,293,68.9,125,BW,+.131,1,-0.94,181,106.1,215,100.8,313,218,-5.31,288,16,UC Davis,23-13
219,107.4,225,-4.42,103.0,198,70.7,58,WAC,+.065,34,+0.61,135,105.1,148,103.5,214,219,-1.63,180,,UMKC,18-17
220,105.0,182,-4.83,100.1,255,68.6,149,OVC,-.049,294,-3.33,254,107.7,295,102.7,251,220,-4.96,278,,Eastern Illinois,14-15
221,110.2,287,-5.08,105.2,156,70.3,70,Slnd,+.052,55,+13.67,2,106.2,218,102.7,253,221,-3.50,239,,Houston Baptist,17-14
222,109.5,270,-5.22,104.3,175,67.1,232,MWC,-.065,316,-6.10,319,104.1,124,104.4,157,222,+0.29,130,,Air Force,12-21
223,104.1,162,-5.31,98.8,275,64.0,326,CAA,-.065,317,-2.90,236,106.7,254,105.9,91,223,-0.84,151,,James Madison,10-23
224,107.3,221,-5.32,101.9,219,70.0,77,A10,-.075,327,-8.24,345,104.3,127,103.1,230,224,-1.27,167,,Duquesne,10-22
225,110.1,284,-5.48,104.6,165,69.5,96,BW,+.036,86,+12.57,4,104.6,133,103.0,241,225,-1.65,182,,Long Beach St.,15-19
226,108.7,250,-5.58,103.1,193,68.1,183,Slnd,-.014,222,-3.82,268,107.2,275,100.2,328,226,-7.05,318,,Lamar,19-15
227,104.2,166,-5.82,98.4,284,66.2,269,Pat,+.067,29,+0.14,148,105.2,157,102.1,272,227,-3.12,227,,Loyola MD,16-17
228,109.3,266,-5.87,103.4,191,68.6,151,OVC,-.038,280,-2.94,237,107.6,290,103.2,227,228,-4.43,264,,Southeast Missouri St.,15-18
229,117.6,345,-6.01,111.6,56,75.3,5,MAC,+.053,52,-5.47,309,105.4,166,103.2,228,229,-2.21,195,,Central Michigan,16-16
230,104.7,175,-6.04,98.6,281,71.4,38,Pat,-.063,313,-3.96,273,106.0,208,101.4,295,230,-4.56,268,,Army,13-19
231,103.9,161,-6.06,97.8,294,67.1,227,Slnd,-.054,303,-3.61,264,108.6,329,101.0,308,231,-7.56,323,,Southeastern Louisiana,16-16
232,109.1,259,-6.15,103.0,199,65.8,282,CUSA,+.048,62,-3.64,265,106.2,217,103.0,240,232,-3.19,228,,Western Kentucky,15-17
233,102.9,134,-6.19,96.7,308,66.3,264,Slnd,+.040,74,+1.84,100,107.7,298,102.1,274,233,-5.65,295,,Stephen F. Austin,18-15
234,103.4,152,-6.19,97.2,299,70.0,78,Slnd,+.101,5,+2.70,74,107.8,304,101.4,299,234,-6.44,312,,Sam Houston St.,21-13
235,107.3,223,-6.26,101.1,238,68.9,123,Ivy,-.022,240,-4.00,275,106.0,212,102.7,252,235,-3.35,233,,Columbia,11-16
236,110.7,293,-6.30,104.4,169,69.1,111,Sum,-.077,329,+8.64,10,105.1,150,106.9,77,236,+1.85,100,,Oral Roberts,8-22
237,109.5,269,-6.35,103.1,194,72.8,15,CUSA,+.033,90,+1.69,108,105.4,168,103.3,219,237,-2.08,194,,Charlotte,13-17
238,107.5,226,-6.40,101.1,236,72.1,25,Horz,+.014,151,-5.26,303,105.9,200,101.7,287,238,-4.16,253,,Illinois Chicago,17-19
239,110.8,295,-6.50,104.3,174,72.6,19,BSky,-.057,308,-0.17,159,108.5,325,101.9,280,239,-6.52,314,,Portland St.,15-16
240,109.6,271,-6.51,103.1,195,69.3,103,BSky,-.025,250,-2.98,241,110.1,346,103.4,216,240,-6.68,316,,Montana St.,16-16
241,109.2,264,-6.58,102.6,207,70.4,64,Amer,-.075,328,-1.30,195,101.6,62,105.1,125,241,+3.43,83,,Tulane,6-25
242,103.1,139,-6.65,96.5,312,65.4,297,Horz,-.090,340,+4.85,42,105.9,203,104.9,138,242,-1.08,159,,Cleveland St.,9-22
243,105.5,191,-6.76,98.7,277,69.7,88,SB,+.012,160,-5.95,317,106.4,230,103.7,196,243,-2.76,213,,South Alabama,14-18
244,111.1,301,-6.89,104.2,176,68.4,166,ASun,+.016,146,-1.08,187,108.2,317,103.5,210,244,-4.65,271,,USC Upstate,17-16
245,105.2,185,-6.93,98.3,288,63.3,336,SB,+.023,125,-7.34,337,107.7,297,103.6,199,245,-4.09,250,,Little Rock,15-17
246,106.5,210,-6.98,99.5,267,66.5,259,WCC,-.003,194,-2.65,232,103.9,118,105.0,134,246,+1.02,111,,Pacific,11-22
247,108.0,239,-7.00,101.0,239,62.9,340,NEC,-.024,248,-1.05,184,107.8,300,98.8,339,247,-8.95,334,,Wagner,16-14
248,105.3,187,-7.01,98.3,286,68.4,169,MWC,-.007,201,-3.98,274,104.3,126,105.2,118,248,+0.96,115,,UNLV,11-21
249,107.2,220,-7.16,100.1,257,70.0,82,MAC,+.010,165,-6.10,320,105.7,183,103.9,185,249,-1.80,185,,Bowling Green,13-19
250,110.1,283,-7.19,102.9,202,70.3,68,CAA,-.089,339,-3.83,269,105.8,192,104.6,153,250,-1.26,166,,Drexel,9-23
251,102.7,127,-7.25,95.4,323,68.1,186,CUSA,+.016,145,-0.41,164,105.3,162,102.7,254,251,-2.61,206,,UTSA,14-19
252,110.1,285,-7.52,102.6,208,69.4,101,ASun,+.000,187,-3.58,261,108.4,323,103.6,202,252,-4.81,276,,Kennesaw St.,14-18
253,107.7,234,-7.52,100.2,254,67.0,235,NEC,+.081,13,-5.33,306,108.3,321,98.6,343,253,-9.66,339,,LIU Brooklyn,20-12
254,109.7,275,-7.61,102.1,216,70.3,69,NEC,-.001,189,-1.18,190,108.0,310,100.1,329,254,-7.98,326,,St. Francis PA,17-17
255,109.5,268,-7.64,101.8,221,69.9,86,ASun,+.025,119,+6.82,24,106.4,231,105.9,89,255,-0.46,141,,North Florida,15-19
256,109.3,267,-7.90,101.4,232,69.1,114,MAAC,-.067,320,-4.72,294,106.6,242,103.0,236,256,-3.63,242,,Niagara,10-23
257,107.0,218,-8.03,98.9,272,68.3,173,OVC,-.058,310,-2.60,230,106.9,259,103.5,208,257,-3.33,232,,Tennessee Tech,12-20
258,111.1,302,-8.17,103.0,200,69.7,92,MVC,-.083,334,-3.43,257,103.1,100,104.0,177,258,+0.96,114,,Drake,7-24
259,108.3,244,-8.37,99.9,261,62.5,344,Horz,-.023,241,+2.15,89,105.6,172,104.2,172,259,-1.39,172,,Milwaukee,11-24
260,108.4,247,-8.38,100.0,258,63.3,335,WCC,+.058,42,-6.68,330,104.8,140,104.0,182,260,-0.88,153,,San Diego,13-18
261,105.5,192,-8.54,97.0,305,68.8,129,BW,+.021,131,-8.14,343,108.9,333,100.0,330,261,-8.88,333,,Cal St. Fullerton,17-15
262,106.8,214,-8.54,98.3,287,65.0,305,SB,-.116,349,-3.54,258,105.1,151,103.6,201,262,-1.53,178,,Louisiana Monroe,9-24
263,108.4,245,-8.67,99.7,265,69.7,89,Ivy,-.032,262,+1.71,104,105.8,191,105.3,115,263,-0.48,142,,Cornell,8-21
264,105.8,194,-8.72,97.0,301,64.6,312,P12,-.067,321,-5.07,300,102.4,76,108.2,63,264,+5.87,69,,Oregon St.,5-27
265,104.7,177,-8.75,96.0,318,67.6,208,WAC,-.023,242,-6.58,328,105.9,196,101.6,290,265,-4.29,258,,Seattle,13-17
266,100.4,84,-8.77,91.6,341,68.8,133,NEC,+.032,94,+3.99,52,106.6,248,101.3,302,266,-5.36,290,,Robert Morris,14-19
267,111.9,305,-8.78,103.1,196,69.0,115,NEC,-.050,296,+7.64,19,105.6,173,100.5,321,267,-5.02,280,,Fairleigh Dickinson,11-19
268,107.6,231,-8.85,98.8,276,65.1,303,Pat,-.013,219,-1.04,183,105.4,169,102.6,256,268,-2.84,217,,Colgate,10-22
269,106.0,200,-8.98,97.0,302,67.1,226,BW,-.012,216,-5.89,315,107.4,280,99.2,336,269,-8.18,328,,Hawaii,14-16
270,108.1,241,-9.22,98.9,274,65.7,291,BSth,-.004,195,-0.27,160,107.5,286,101.1,306,270,-6.40,311,,High Point,15-16
271,107.9,237,-9.33,98.6,282,68.9,124,CUSA,-.037,276,-1.66,205,105.9,199,103.2,224,271,-2.70,211,,Florida Atlantic,10-20
272,107.9,236,-9.44,98.4,285,67.6,213,OVC,+.015,147,+0.22,144,106.7,251,104.8,142,272,-1.89,186,,Eastern Kentucky,12-19
273,105.0,181,-9.58,95.4,324,63.5,331,A10,+.082,11,-5.01,298,104.4,128,105.2,120,273,+0.81,122,,Saint Louis,12-21
274,109.2,260,-9.61,99.5,268,70.5,62,SB,-.039,282,-0.49,168,104.7,137,103.9,184,274,-0.76,149,,Appalachian St.,9-21
275,111.9,306,-9.61,102.3,212,67.9,197,ASun,+.002,186,-9.11,346,110.3,349,102.4,261,275,-7.85,324,,Jacksonville,17-16
276,112.5,313,-9.62,102.9,201,65.0,306,CUSA,-.171,351,-4.87,296,105.9,202,102.0,278,276,-3.96,248,,FIU,7-24
277,114.0,325,-9.84,104.1,180,71.3,42,Ivy,+.017,140,-9.67,348,106.8,256,101.3,301,277,-5.52,293,,Brown,13-17
278,110.4,290,-10.04,100.4,251,65.7,289,BSth,+.029,102,-5.63,313,109.3,341,101.3,300,278,-7.98,327,,Campbell,19-18
279,106.0,197,-10.05,95.9,319,68.6,148,MAC,+.052,54,-6.71,331,106.7,249,104.3,162,279,-2.31,199,,Miami OH,11-21
280,108.9,254,-10.24,98.7,280,65.8,283,WCC,+.011,163,-3.81,267,104.1,123,105.0,131,280,+0.86,120,,Portland,11-22
281,112.0,307,-10.27,101.7,225,69.1,110,NEC,-.014,223,+3.00,68,107.0,265,100.6,318,281,-6.34,310,,Bryant,12-20
282,112.9,317,-10.29,102.6,209,71.7,32,Horz,+.077,19,-1.84,210,105.5,170,103.2,225,282,-2.30,198,,Youngstown St.,13-21
283,106.9,216,-10.33,96.6,309,68.5,160,BSky,-.027,253,+8.65,9,108.2,316,103.9,189,283,-4.29,257,,Northern Colorado,11-18
284,114.6,332,-10.47,104.1,181,72.7,16,BW,-.032,265,+0.49,140,106.0,211,99.9,331,284,-6.13,306,,Cal St. Northridge,11-19
285,106.0,198,-10.50,95.5,321,67.8,201,SWAC,+.048,63,+11.03,8,109.2,338,98.1,347,285,-11.09,344,,Alcorn St.,18-14
286,109.2,265,-10.55,98.7,279,67.6,211,ASun,+.029,103,-0.42,165,108.1,313,104.6,147,286,-3.43,238,,NJIT,11-20
287,107.6,230,-10.64,97.0,303,68.9,121,MAAC,-.000,188,-0.96,182,106.0,206,103.6,200,287,-2.38,200,,Manhattan,10-22
288,116.5,340,-11.03,105.5,150,79.7,2,SC,+.023,124,-2.45,227,106.3,227,104.7,143,288,-1.63,181,,The Citadel,12-21
289,117.3,342,-11.08,106.2,140,70.0,80,OVC,+.040,75,+2.82,71,106.6,244,104.6,149,289,-2.03,192,,Austin Peay,11-19
290,108.5,248,-11.12,97.3,298,64.8,310,CAA,+.089,7,-3.17,246,106.5,238,106.4,82,290,-0.10,137,,Delaware,13-20
291,112.2,310,-11.24,100.9,241,65.5,293,BSky,+.045,69,+1.68,109,108.3,320,102.8,248,291,-5.52,292,,Sacramento St.,13-18
292,107.7,233,-11.28,96.4,313,68.8,137,Amer,-.021,236,-7.82,339,102.8,91,104.1,173,292,+1.34,104,,South Florida,7-23
293,112.5,312,-11.40,101.1,237,71.3,39,Slnd,+.028,106,+6.99,21,106.6,241,101.4,297,293,-5.18,284,,Northwestern St.,13-16
294,113.0,319,-11.44,101.6,228,73.2,12,MAAC,+.027,111,-3.67,266,106.0,207,102.8,249,294,-3.24,229,,Quinnipiac,10-21
295,115.8,337,-11.50,104.3,173,71.8,30,AE,-.036,274,-6.75,333,107.6,289,101.0,310,295,-6.60,315,,UMass Lowell,11-20
296,107.8,235,-11.70,96.1,317,64.0,325,BSth,+.060,40,+8.30,14,107.7,296,103.4,218,296,-4.34,259,,Radford,14-18
297,108.9,253,-11.75,97.1,300,68.8,130,Sum,-.035,271,-2.98,240,106.9,261,105.0,132,297,-1.91,187,,Western Illinois,8-20
298,108.8,252,-11.86,97.0,306,65.8,284,Slnd,+.049,59,+1.15,123,107.6,294,101.7,288,298,-5.96,302,,Abilene Christian,13-16
299,106.1,204,-11.92,94.2,329,68.8,127,MEAC,+.069,27,+6.02,34,109.2,340,99.7,332,299,-9.52,338,,Norfolk St.,17-17
300,112.9,318,-12.02,100.9,242,73.9,8,WAC,-.037,277,-3.00,242,104.8,141,102.0,275,300,-2.80,215,,UT Rio Grande Valley,10-22
301,109.7,274,-12.12,97.6,296,71.1,48,NEC,+.018,138,-5.34,307,107.9,307,99.2,335,301,-8.68,332,,Sacred Heart,13-19
302,114.5,331,-12.21,102.3,213,72.6,18,Horz,+.016,143,+2.32,81,105.1,147,103.7,195,302,-1.37,171,,Detroit,8-23
303,114.2,327,-12.26,102.0,217,68.5,154,WCC,+.026,115,-1.67,206,104.6,132,105.6,99,303,+1.03,110,,Pepperdine,9-22
304,114.3,329,-12.61,101.7,227,71.8,31,Slnd,+.032,96,+4.08,50,106.5,237,101.2,304,304,-5.24,286,,Incarnate Word,12-17
305,112.1,309,-12.89,99.2,270,67.4,216,Ivy,+.032,93,-4.48,288,105.4,167,102.4,265,305,-3.06,226,,Dartmouth,7-20
306,113.0,320,-12.93,100.1,256,65.3,301,BW,+.013,157,+2.74,73,104.9,142,100.7,315,306,-4.19,255,,Cal Poly,11-20
307,108.1,240,-12.94,95.2,325,64.3,318,Pat,-.017,233,-4.47,285,105.8,190,101.6,289,307,-4.21,256,,American,8-22
308,117.5,344,-13.47,104.0,184,71.1,49,Slnd,-.014,227,+6.65,28,106.3,228,103.1,229,308,-3.28,230,,Central Arkansas,8-24
309,116.7,341,-13.49,103.2,192,68.2,178,BSth,+.007,173,+3.84,55,107.0,264,101.0,309,309,-5.98,304,,Charleston Southern,12-19
310,106.9,215,-13.54,93.4,333,68.6,144,MEAC,+.018,136,+1.70,106,109.1,337,99.1,337,310,-10.05,341,,Hampton,14-17
311,105.9,196,-13.63,92.3,339,67.9,198,BW,-.055,305,+1.84,101,106.2,222,101.4,296,311,-4.78,274,,UC Riverside,8-21
312,114.3,330,-13.63,100.7,246,66.9,242,MAAC,+.013,155,-0.37,163,106.1,214,104.2,170,312,-1.94,190,,Marist,8-24
313,111.6,304,-13.64,98.0,289,67.6,210,SWAC,-.017,232,+11.49,7,108.1,312,99.4,333,313,-8.65,331,,Prairie View A&M,13-20
314,110.0,282,-13.77,96.3,314,65.9,279,AE,-.009,206,-4.69,293,107.5,284,102.2,270,314,-5.33,289,,Binghamton,12-20
315,114.2,326,-13.77,100.4,250,69.4,99,Slnd,+.089,6,+7.91,18,106.9,260,103.0,238,315,-3.88,246,,Nicholls St.,14-17
316,110.3,288,-14.01,96.3,316,69.9,85,Slnd,-.057,309,+7.94,17,106.6,245,103.2,223,316,-3.42,237,,McNeese St.,7-22
317,114.7,333,-14.14,100.6,248,81.0,1,MEAC,+.054,48,+6.75,25,108.9,334,98.8,340,317,-10.10,342,,Savannah St.,13-16
318,109.2,263,-14.15,95.0,327,69.2,107,OVC,-.041,284,-0.01,155,107.2,276,104.2,169,318,-3.04,225,,SIU Edwardsville,6-24
319,115.4,334,-14.45,100.9,243,72.4,22,ASun,-.002,191,-5.51,311,108.0,309,102.8,247,319,-5.23,285,,Stetson,11-21
320,110.8,294,-14.52,96.3,315,70.2,73,CUSA,-.080,331,-8.18,344,106.2,220,101.5,291,320,-4.66,272,,North Texas,8-22
321,112.7,314,-14.83,97.8,292,68.5,157,MEAC,+.039,77,+8.64,11,108.2,319,100.7,314,321,-7.48,322,,Maryland Eastern Shore,14-20
322,105.1,183,-15.11,90.0,348,66.8,244,SC,+.027,109,+5.83,35,105.6,177,106.6,80,322,+1.01,112,,Western Carolina,9-23
323,110.4,289,-15.28,95.1,326,69.2,106,BSky,-.016,230,-3.31,253,108.1,314,101.9,282,323,-6.17,307,,Northern Arizona,9-23
324,106.6,212,-15.47,91.2,344,67.7,203,MEAC,+.038,81,-3.20,247,110.7,350,98.1,345,324,-12.66,350,,Morgan St.,14-16
325,108.5,249,-15.52,93.0,335,65.5,294,CUSA,-.032,260,-3.60,262,105.7,186,102.3,266,325,-3.41,236,,Southern Miss,9-22
326,113.6,322,-15.70,97.9,290,68.5,153,SWAC,+.038,82,+1.38,117,109.2,339,96.7,351,326,-12.49,349,,Southern,15-18
327,112.7,315,-16.24,96.5,311,67.1,225,SWAC,+.049,58,-0.83,178,109.9,344,97.5,350,327,-12.33,347,,Grambling St.,15-17
328,113.8,323,-16.27,97.6,297,69.1,112,SC,-.034,269,+0.51,138,105.8,194,105.6,101,328,-0.28,139,,VMI,6-24
329,109.1,258,-16.36,92.8,336,64.3,317,SWAC,+.032,91,+2.06,93,109.9,345,98.1,346,329,-11.84,346,,Jackson St.,14-18
330,113.3,321,-16.79,96.6,310,69.3,105,Pat,+.059,41,-3.93,271,104.7,138,100.9,311,330,-3.76,245,,Lafayette,9-21
331,109.2,262,-17.84,91.3,343,64.1,323,BW,+.009,168,+6.96,22,105.3,164,102.4,262,331,-2.90,223,,UC Santa Barbara,6-22
332,115.8,338,-17.91,97.9,291,68.9,119,BSky,-.053,298,+4.84,43,107.0,267,104.3,161,332,-2.67,210,,Idaho St.,6-26
333,119.7,349,-18.33,101.3,233,71.4,36,BSky,-.014,224,-1.35,198,107.4,281,102.2,269,333,-5.16,282,,Southern Utah,6-27
334,110.9,299,-18.41,92.5,337,68.5,159,AE,+.073,21,-6.59,329,107.6,293,101.9,279,334,-5.68,297,,Hartford,9-23
335,110.9,298,-18.60,92.3,338,67.1,231,WAC,-.009,205,+5.59,36,102.9,93,104.9,136,335,+2.04,98,,Chicago St.,6-26
336,118.5,348,-19.47,99.0,271,68.3,172,MEAC,+.067,28,+16.17,1,107.1,269,100.6,319,336,-6.44,313,,South Carolina St.,11-20
337,110.7,292,-19.62,91.1,346,68.0,193,AE,+.005,180,-2.96,239,107.2,274,103.4,215,337,-3.76,244,,Maine,7-25
338,110.2,286,-19.79,90.4,347,68.1,187,MEAC,-.022,239,+8.33,12,108.5,326,100.6,320,338,-7.93,325,,Howard,10-24
339,114.3,328,-20.10,94.2,330,65.8,288,MEAC,+.007,171,+3.33,64,109.5,342,100.4,323,339,-9.05,335,,Delaware St.,10-22
340,115.4,335,-20.45,95.0,328,68.3,177,MEAC,-.011,213,-2.61,231,110.3,348,98.5,344,340,-11.77,345,,Bethune Cookman,10-22
341,113.9,324,-20.99,93.0,334,64.9,307,NEC,-.023,243,-4.07,276,107.6,288,99.3,334,341,-8.26,329,,Central Connecticut,6-23
342,112.8,316,-21.65,91.1,345,68.4,164,SWAC,-.007,199,+2.65,75,109.0,336,99.0,338,342,-9.97,340,,Alabama St.,8-23
343,115.6,336,-21.99,93.6,331,68.8,135,MEAC,+.002,184,+7.37,20,107.9,306,100.5,322,343,-7.35,321,,Coppin St.,8-24
344,118.3,347,-22.54,95.8,320,71.3,43,SWAC,+.025,118,+11.61,5,107.3,278,100.3,325,344,-6.99,317,,Mississippi Valley St.,7-25
345,116.2,339,-22.61,93.6,332,69.3,104,MEAC,-.085,335,-4.68,292,110.8,351,97.6,349,345,-13.29,351,,Florida A&M,6-23
346,112.1,308,-24.13,87.9,350,67.2,224,NEC,-.037,278,-1.44,200,107.8,302,100.7,317,346,-7.12,319,,St. Francis NY,4-27
347,117.3,343,-25.15,92.2,340,70.5,61,BSth,+.017,141,-0.55,171,107.3,277,101.5,293,347,-5.80,299,,Longwood,6-24
348,111.0,300,-25.28,85.7,351,67.6,209,SWAC,-.010,210,+2.79,72,109.7,343,100.4,324,348,-9.35,336,,Arkansas Pine Bluff,7-25
349,123.1,351,-27.71,95.4,322,62.8,341,MEAC,-.086,337,+0.08,149,108.1,315,98.7,342,349,-9.40,337,,North Carolina A&T,3-29
350,118.1,346,-29.20,88.9,349,64.1,322,BSth,+.018,139,+2.25,83,107.1,270,102.8,250,350,-4.36,261,,Presbyterian,5-25
351,121.8,350,-30.34,91.4,342,64.3,316,SWAC,-.075,326,+1.08,125,108.9,335,98.7,341,351,-10.15,343,,Alabama A&M,2-27
